ad_id,page_id,page_name,promotional_text,ad_delivery_start_time,ad_delivery_stop_time,ad_creation_time,created_time,updated_time,ad_creative_bodies,status,effective_status,ad_active_status,is_active,body,title,caption,description,link_url,image_name,image_link,image_description,impressions_min,impressions_max,spend_min,spend_max,ad_url,publisher_platforms,languages
27752458091068640,179450065439629,Chewy,Take advantage of deals on Vital Essentials premium freeze-dried raw protein food and treats.,,,,,,['Take advantage of deals on Vital Essentials premium freeze-dried raw protein food and treats.'],,,,,,,,,,Learn Why Pets Prefer Vital Essentials,,,0,0,0,0,https://www.facebook.com/ads/library/?id=27752458091068640,"facebook, instagram, audience_network, messenger",en
1246425269938082,179450065439629,Chewy,"Clean, safe, & veterinarian recommended - Boxie® checks all the boxes. Switch now & enjoy 35% off your first autoship order!",,,,,,"['Clean, safe, & veterinarian recommended - Boxie® checks all the boxes. Switch now & enjoy 35% off your first autoship order!']",,,,,,,,,,See Why Thousands Chose Boxie®,,,0,0,0,0,https://www.facebook.com/ads/library/?id=1246425269938082,"facebook, instagram",en
1104723164989496,179450065439629,Chewy,Pamper your pet with a spa day this Holiday season! Visit Chewy to find great Holiday deals.,,,,,,['Pamper your pet with a spa day this Holiday season! Visit Chewy to find great Holiday deals.'],,,,,,,,,,"For great holiday deals, shop Chewy.",,,0,0,0,0,https://www.facebook.com/ads/library/?id=1104723164989496,"facebook, instagram, messenger",en
1107336597721976,179450065439629,Chewy,"From cozy car carriers to yummy treats, Chewy has you covered for your Holiday travel essentials.",,,,,,"['From cozy car carriers to yummy treats, Chewy has you covered for your Holiday travel essentials.']",,,,,,,,,,"For great holiday deals, shop Chewy.",,,0,0,0,0,https://www.facebook.com/ads/library/?id=1107336597721976,"facebook, instagram, messenger",en
924334559043063,179450065439629,Chewy,"With Chewy, save 35% on your first Autoship order and get their favorites delivered right to your door, right on schedule.",,,,,,"['With Chewy, save 35% on your first Autoship order and get their favorites delivered right to your door, right on schedule.', 'With Chewy, save 35% on your first Autoship order and get their favorites delivered right to your door, right on schedule.', 'With Chewy, save 35% on your first Autoship order and get their favorites delivered right to your door, right on schedule.', 'With Chewy, save 35% on your first Autoship order and get their favorites delivered right to your door, right on schedule.', 'With Chewy, save 35% on your first Autoship order and get their favorites delivered right to your door, right on schedule.', 'With Chewy, save 35% on your first Autoship order and get their favorites delivered right to your door, right on schedule.', 'With Chewy, save 35% on your first Autoship order and get their favorites delivered right to your door, right on schedule.']",,,,,,,,,,Chewy,,,0,0,0,0,https://www.facebook.com/ads/library/?id=924334559043063,"facebook, instagram, audience_network, messenger",en
585932640614456,179450065439629,Chewy,"With Chewy, save 35% on your first Autoship order and get their favorites delivered right to your door, right on schedule.",,,,,,"['With Chewy, save 35% on your first Autoship order and get their favorites delivered right to your door, right on schedule.', 'With Chewy, save 35% on your first Autoship order and get their favorites delivered right to your door, right on schedule.', 'With Chewy, save 35% on your first Autoship order and get their favorites delivered right to your door, right on schedule.', 'With Chewy, save 35% on your first Autoship order and get their favorites delivered right to your door, right on schedule.', 'With Chewy, save 35% on your first Autoship order and get their favorites delivered right to your door, right on schedule.', 'With Chewy, save 35% on your first Autoship order and get their favorites delivered right to your door, right on schedule.', 'With Chewy, save 35% on your first Autoship order and get their favorites delivered right to your door, right on schedule.']",,,,,,,,,,Chewy,,,0,0,0,0,https://www.facebook.com/ads/library/?id=585932640614456,"facebook, instagram, audience_network, messenger",en
923979796319423,179450065439629,Chewy,"Outdoorsy dog? On Chewy, get all your pet prescriptions, like flea & tick meds, delivered at a great price.",,,,,,"['Outdoorsy dog? On Chewy, get all your pet prescriptions, like flea & tick meds, delivered at a great price.', 'Outdoorsy dog? On Chewy, get all your pet prescriptions, like flea & tick meds, delivered at a great price.', 'Outdoorsy dog? On Chewy, get all your pet prescriptions, like flea & tick meds, delivered at a great price.', 'Outdoorsy dog? On Chewy, get all your pet prescriptions, like flea & tick meds, delivered at a great price.', 'Outdoorsy dog? On Chewy, get all your pet prescriptions, like flea & tick meds, delivered at a great price.', 'Outdoorsy dog? On Chewy, get all your pet prescriptions, like flea & tick meds, delivered at a great price.', 'Outdoorsy dog? On Chewy, get all your pet prescriptions, like flea & tick meds, delivered at a great price.']",,,,,,,,,,Chewy,,,0,0,0,0,https://www.facebook.com/ads/library/?id=923979796319423,"facebook, instagram, audience_network, messenger",en
1144471110663987,179450065439629,Chewy,"At Chewy, save up to 40% this holiday season. The presents at the best prices for the best pets. Exclusions Apply.",,,,,,"['At Chewy, save up to 40% this holiday season. The presents at the best prices for the best pets. Exclusions Apply.', 'At Chewy, save up to 40% this holiday season. The presents at the best prices for the best pets. Exclusions Apply.', 'At Chewy, save up to 40% this holiday season. The presents at the best prices for the best pets. Exclusions Apply.', 'At Chewy, save up to 40% this holiday season. The presents at the best prices for the best pets. Exclusions Apply.', 'At Chewy, save up to 40% this holiday season. The presents at the best prices for the best pets. Exclusions Apply.', 'At Chewy, save up to 40% this holiday season. The presents at the best prices for the best pets. Exclusions Apply.', 'At Chewy, save up to 40% this holiday season. The presents at the best prices for the best pets. Exclusions Apply.']",,,,,,,,,,Chewy,,,0,0,0,0,https://www.facebook.com/ads/library/?id=1144471110663987,"facebook, instagram, audience_network, messenger",en
1609425636316887,179450065439629,Chewy,"With Chewy, save 35% on your first Autoship order and get their favorites delivered right to your door, right on schedule.",,,,,,"['With Chewy, save 35% on your first Autoship order and get their favorites delivered right to your door, right on schedule.', 'With Chewy, save 35% on your first Autoship order and get their favorites delivered right to your door, right on schedule.', 'With Chewy, save 35% on your first Autoship order and get their favorites delivered right to your door, right on schedule.', 'With Chewy, save 35% on your first Autoship order and get their favorites delivered right to your door, right on schedule.', 'With Chewy, save 35% on your first Autoship order and get their favorites delivered right to your door, right on schedule.', 'With Chewy, save 35% on your first Autoship order and get their favorites delivered right to your door, right on schedule.', 'With Chewy, save 35% on your first Autoship order and get their favorites delivered right to your door, right on schedule.']",,,,,,,,,,Chewy,,,0,0,0,0,https://www.facebook.com/ads/library/?id=1609425636316887,"facebook, instagram, audience_network, messenger",en
820802876694182,179450065439629,Chewy,"At Chewy, save up to 40% this holiday season. The presents at the best prices for the best pets. Exclusions Apply.",,,,,,"['At Chewy, save up to 40% this holiday season. The presents at the best prices for the best pets. Exclusions Apply.', 'At Chewy, save up to 40% this holiday season. The presents at the best prices for the best pets. Exclusions Apply.', 'At Chewy, save up to 40% this holiday season. The presents at the best prices for the best pets. Exclusions Apply.', 'At Chewy, save up to 40% this holiday season. The presents at the best prices for the best pets. Exclusions Apply.', 'At Chewy, save up to 40% this holiday season. The presents at the best prices for the best pets. Exclusions Apply.', 'At Chewy, save up to 40% this holiday season. The presents at the best prices for the best pets. Exclusions Apply.', 'At Chewy, save up to 40% this holiday season. The presents at the best prices for the best pets. Exclusions Apply.']",,,,,,,,,,Chewy,,,0,0,0,0,https://www.facebook.com/ads/library/?id=820802876694182,"facebook, instagram, audience_network, messenger",en
1250532769501850,179450065439629,Chewy,"At Chewy, save up to 40% this holiday season. The presents at the best prices for the best pets. Exclusions Apply.",,,,,,"['At Chewy, save up to 40% this holiday season. The presents at the best prices for the best pets. Exclusions Apply.', 'At Chewy, save up to 40% this holiday season. The presents at the best prices for the best pets. Exclusions Apply.', 'At Chewy, save up to 40% this holiday season. The presents at the best prices for the best pets. Exclusions Apply.', 'At Chewy, save up to 40% this holiday season. The presents at the best prices for the best pets. Exclusions Apply.', 'At Chewy, save up to 40% this holiday season. The presents at the best prices for the best pets. Exclusions Apply.', 'At Chewy, save up to 40% this holiday season. The presents at the best prices for the best pets. Exclusions Apply.', 'At Chewy, save up to 40% this holiday season. The presents at the best prices for the best pets. Exclusions Apply.']",,,,,,,,,,Chewy,,,0,0,0,0,https://www.facebook.com/ads/library/?id=1250532769501850,"facebook, instagram, audience_network, messenger",en
1085164859901282,179450065439629,Chewy,"At Chewy, save up to 40% this holiday season. The presents at the best prices for the best pets. Exclusions Apply.",,,,,,"['At Chewy, save up to 40% this holiday season. The presents at the best prices for the best pets. Exclusions Apply.', 'At Chewy, save up to 40% this holiday season. The presents at the best prices for the best pets. Exclusions Apply.', 'At Chewy, save up to 40% this holiday season. The presents at the best prices for the best pets. Exclusions Apply.', 'At Chewy, save up to 40% this holiday season. The presents at the best prices for the best pets. Exclusions Apply.', 'At Chewy, save up to 40% this holiday season. The presents at the best prices for the best pets. Exclusions Apply.', 'At Chewy, save up to 40% this holiday season. The presents at the best prices for the best pets. Exclusions Apply.', 'At Chewy, save up to 40% this holiday season. The presents at the best prices for the best pets. Exclusions Apply.']",,,,,,,,,,Chewy,,,0,0,0,0,https://www.facebook.com/ads/library/?id=1085164859901282,"facebook, instagram, audience_network, messenger",en
1277426753412056,179450065439629,Chewy,"At Chewy, save up to 40% this holiday season. The presents at the best prices for the best pets. Exclusions Apply.",,,,,,"['At Chewy, save up to 40% this holiday season. The presents at the best prices for the best pets. Exclusions Apply.', 'At Chewy, save up to 40% this holiday season. The presents at the best prices for the best pets. Exclusions Apply.', 'At Chewy, save up to 40% this holiday season. The presents at the best prices for the best pets. Exclusions Apply.', 'At Chewy, save up to 40% this holiday season. The presents at the best prices for the best pets. Exclusions Apply.', 'At Chewy, save up to 40% this holiday season. The presents at the best prices for the best pets. Exclusions Apply.', 'At Chewy, save up to 40% this holiday season. The presents at the best prices for the best pets. Exclusions Apply.', 'At Chewy, save up to 40% this holiday season. The presents at the best prices for the best pets. Exclusions Apply.']",,,,,,,,,,Chewy,,,0,0,0,0,https://www.facebook.com/ads/library/?id=1277426753412056,"facebook, instagram, audience_network, messenger",en
1137639471373628,179450065439629,Chewy,"For a limited time, shop early Black Friday and save up to 40%, plus buy 3 and get the 4th free on festive toys and more. Exclusions Apply.",,,,,,"['For a limited time, shop early Black Friday and save up to 40%, plus buy 3 and get the 4th free on festive toys and more. Exclusions Apply.', 'For a limited time, shop early Black Friday and save up to 40%, plus buy 3 and get the 4th free on festive toys and more. Exclusions Apply.', 'For a limited time, shop early Black Friday and save up to 40%, plus buy 3 and get the 4th free on festive toys and more. Exclusions Apply.', 'For a limited time, shop early Black Friday and save up to 40%, plus buy 3 and get the 4th free on festive toys and more. Exclusions Apply.', 'For a limited time, shop early Black Friday and save up to 40%, plus buy 3 and get the 4th free on festive toys and more. Exclusions Apply.', 'For a limited time, shop early Black Friday and save up to 40%, plus buy 3 and get the 4th free on festive toys and more. Exclusions Apply.']",,,,,,,,,,"DreamBone DreamSticks Beef Chews Dog Treats, 15 count",,,0,0,0,0,https://www.facebook.com/ads/library/?id=1137639471373628,"facebook, instagram, audience_network, messenger",en
1235780820974210,179450065439629,Chewy,"For a limited time, save up to 40% on purr-worthy gifts, plus buy 3 and get the 4th free on festive toys and more",,,,,,"['For a limited time, save up to 40% on purr-worthy gifts, plus buy 3 and get the 4th free on festive toys and more', 'For a limited time, save up to 40% on purr-worthy gifts, plus buy 3 and get the 4th free on festive toys and more', 'For a limited time, save up to 40% on purr-worthy gifts, plus buy 3 and get the 4th free on festive toys and more', 'For a limited time, save up to 40% on purr-worthy gifts, plus buy 3 and get the 4th free on festive toys and more', 'For a limited time, save up to 40% on purr-worthy gifts, plus buy 3 and get the 4th free on festive toys and more', 'For a limited time, save up to 40% on purr-worthy gifts, plus buy 3 and get the 4th free on festive toys and more']",,,,,,,,,,Chewy,,,0,0,0,0,https://www.facebook.com/ads/library/?id=1235780820974210,"facebook, instagram, audience_network, messenger",en
1210371473365289,179450065439629,Chewy,"For a limited time, shop early Black Friday and save up to 40%, plus buy 3 and get the 4th free on festive toys and more",,,,,,"['For a limited time, shop early Black Friday and save up to 40%, plus buy 3 and get the 4th free on festive toys and more', 'For a limited time, shop early Black Friday and save up to 40%, plus buy 3 and get the 4th free on festive toys and more', 'For a limited time, shop early Black Friday and save up to 40%, plus buy 3 and get the 4th free on festive toys and more', 'For a limited time, shop early Black Friday and save up to 40%, plus buy 3 and get the 4th free on festive toys and more', 'For a limited time, shop early Black Friday and save up to 40%, plus buy 3 and get the 4th free on festive toys and more', 'For a limited time, shop early Black Friday and save up to 40%, plus buy 3 and get the 4th free on festive toys and more']",,,,,,,,,,"DreamBone DreamSticks Beef Chews Dog Treats, 15 count",,,0,0,0,0,https://www.facebook.com/ads/library/?id=1210371473365289,"facebook, instagram, audience_network, messenger",en
1272328717238246,179450065439629,Chewy,Tantalizing textures and vibrant ingredients. Variety that keeps things endlessly interesting. Vet-developed for the nutrients dogs need and the flavors they crave.,,,,,,['Tantalizing textures and vibrant ingredients. Variety that keeps things endlessly interesting. Vet-developed for the nutrients dogs need and the flavors they crave.'],,,,,,,,,,Say Bye to Boring Dog Food,,,0,0,0,0,https://www.facebook.com/ads/library/?id=1272328717238246,"facebook, instagram, audience_network, messenger",en
1132421384974151,179450065439629,Chewy,"For a limited time, shop early Black Friday and save up to 40%, plus buy 3 and get the 4th free on festive toys and more. Exclusions Apply.",,,,,,"['For a limited time, shop early Black Friday and save up to 40%, plus buy 3 and get the 4th free on festive toys and more. Exclusions Apply.', 'For a limited time, shop early Black Friday and save up to 40%, plus buy 3 and get the 4th free on festive toys and more. Exclusions Apply.', 'For a limited time, shop early Black Friday and save up to 40%, plus buy 3 and get the 4th free on festive toys and more. Exclusions Apply.', 'For a limited time, shop early Black Friday and save up to 40%, plus buy 3 and get the 4th free on festive toys and more. Exclusions Apply.', 'For a limited time, shop early Black Friday and save up to 40%, plus buy 3 and get the 4th free on festive toys and more. Exclusions Apply.', 'For a limited time, shop early Black Friday and save up to 40%, plus buy 3 and get the 4th free on festive toys and more. Exclusions Apply.']",,,,,,,,,,"K&H Pet Products EZ Mount Double Stack Kitty Sill Cat Window Perch, Gray",,,0,0,0,0,https://www.facebook.com/ads/library/?id=1132421384974151,"facebook, instagram, audience_network, messenger",en
559369893469296,179450065439629,Chewy,"For a limited time, shop early Black Friday and save up to 40%, plus buy 3 and get the 4th free on festive toys and more. Exclusions Apply.",,,,,,"['For a limited time, shop early Black Friday and save up to 40%, plus buy 3 and get the 4th free on festive toys and more. Exclusions Apply.', 'For a limited time, shop early Black Friday and save up to 40%, plus buy 3 and get the 4th free on festive toys and more. Exclusions Apply.', 'For a limited time, shop early Black Friday and save up to 40%, plus buy 3 and get the 4th free on festive toys and more. Exclusions Apply.', 'For a limited time, shop early Black Friday and save up to 40%, plus buy 3 and get the 4th free on festive toys and more. Exclusions Apply.', 'For a limited time, shop early Black Friday and save up to 40%, plus buy 3 and get the 4th free on festive toys and more. Exclusions Apply.', 'For a limited time, shop early Black Friday and save up to 40%, plus buy 3 and get the 4th free on festive toys and more. Exclusions Apply.']",,,,,,,,,,"K&H Pet Products EZ Mount Double Stack Kitty Sill Cat Window Perch, Gray",,,0,0,0,0,https://www.facebook.com/ads/library/?id=559369893469296,"facebook, instagram, audience_network, messenger",en
902878201948573,179450065439629,Chewy,"For a limited time, shop early Black Friday and save up to 40%, plus buy 3 and get the 4th free on festive toys and more",,,,,,"['For a limited time, shop early Black Friday and save up to 40%, plus buy 3 and get the 4th free on festive toys and more', 'For a limited time, shop early Black Friday and save up to 40%, plus buy 3 and get the 4th free on festive toys and more', 'For a limited time, shop early Black Friday and save up to 40%, plus buy 3 and get the 4th free on festive toys and more', 'For a limited time, shop early Black Friday and save up to 40%, plus buy 3 and get the 4th free on festive toys and more', 'For a limited time, shop early Black Friday and save up to 40%, plus buy 3 and get the 4th free on festive toys and more', 'For a limited time, shop early Black Friday and save up to 40%, plus buy 3 and get the 4th free on festive toys and more']",,,,,,,,,,"K&H Pet Products EZ Mount Double Stack Kitty Sill Cat Window Perch, Gray",,,0,0,0,0,https://www.facebook.com/ads/library/?id=902878201948573,"facebook, instagram, audience_network, messenger",en
1627413021487509,179450065439629,Chewy,Holiday stocking stuffers for your pet? Chewy has everything you need to make it special!,,,,,,['Holiday stocking stuffers for your pet? Chewy has everything you need to make it special!'],,,,,,,,,,"For great holiday deals, shop Chewy.",,,0,0,0,0,https://www.facebook.com/ads/library/?id=1627413021487509,"facebook, instagram, messenger",en
567230569051040,179450065439629,Chewy,15% off select treats by Purina. Use code: Early15.,,,,,,['15% off select treats by Purina. Use code: Early15.'],,,,,,,,,,’Tis the Season for Treats,,,0,0,0,0,https://www.facebook.com/ads/library/?id=567230569051040,"facebook, instagram",en
522295724062264,179450065439629,Chewy,"Feed their taste adventure this holiday season with 100% natural recipes, 100% adventurous flavors.",,,,,,"['Feed their taste adventure this holiday season with 100% natural recipes, 100% adventurous flavors.']",,,,,,,,,,Save on Applaws™,,,0,0,0,0,https://www.facebook.com/ads/library/?id=522295724062264,"facebook, instagram, audience_network, messenger",en
1376537736642666,179450065439629,Chewy,"For a limited time, save up to 40% on drool-worthy gifts, plus buy 3 and get the 4th free on festive toys and more",,,,,,"['For a limited time, save up to 40% on drool-worthy gifts, plus buy 3 and get the 4th free on festive toys and more', 'For a limited time, save up to 40% on drool-worthy gifts, plus buy 3 and get the 4th free on festive toys and more', 'For a limited time, save up to 40% on drool-worthy gifts, plus buy 3 and get the 4th free on festive toys and more', 'For a limited time, save up to 40% on drool-worthy gifts, plus buy 3 and get the 4th free on festive toys and more', 'For a limited time, save up to 40% on drool-worthy gifts, plus buy 3 and get the 4th free on festive toys and more', 'For a limited time, save up to 40% on drool-worthy gifts, plus buy 3 and get the 4th free on festive toys and more', 'For a limited time, save up to 40% on drool-worthy gifts, plus buy 3 and get the 4th free on festive toys and more']",,,,,,,,,,Chewy,,,0,0,0,0,https://www.facebook.com/ads/library/?id=1376537736642666,"facebook, instagram, audience_network, messenger",en
537222649047870,179450065439629,Chewy,"Supports superior digestion, strong immune system function and healthy skin & coat.",,,,,,"['Supports superior digestion, strong immune system function and healthy skin & coat.']",,,,,,,,,,Super Premium Nutrition,,,0,0,0,0,https://www.facebook.com/ads/library/?id=537222649047870,"facebook, instagram, audience_network, messenger",en
550708357902685,179450065439629,Chewy,Harness the goodness of nature to help your dog live a full and active life. Because we understand that your pet’s health and vitality begins with what they eat.,,,,,,['Harness the goodness of nature to help your dog live a full and active life. Because we understand that your pet’s health and vitality begins with what they eat.'],,,,,,,,,,LET’S GROW HEALTHY DOGS™,,,0,0,0,0,https://www.facebook.com/ads/library/?id=550708357902685,"facebook, instagram, audience_network, messenger",en
855855213285681,179450065439629,Chewy,"Get 35% off your 1st Autoship order of Purina Pro Plan—the fuel of National Dog Show champions, 13 years running",,,,,,"['Get 35% off your 1st Autoship order of Purina Pro Plan—the fuel of National Dog Show champions, 13 years running', 'Get 35% off your 1st Autoship order of Purina Pro Plan—the fuel of National Dog Show champions, 13 years running', 'Get 35% off your 1st Autoship order of Purina Pro Plan—the fuel of National Dog Show champions, 13 years running', 'Get 35% off your 1st Autoship order of Purina Pro Plan—the fuel of National Dog Show champions, 13 years running', 'Get 35% off your 1st Autoship order of Purina Pro Plan—the fuel of National Dog Show champions, 13 years running', 'Get 35% off your 1st Autoship order of Purina Pro Plan—the fuel of National Dog Show champions, 13 years running', 'Get 35% off your 1st Autoship order of Purina Pro Plan—the fuel of National Dog Show champions, 13 years running']",,,,,,,,,,Chewy,,,0,0,0,0,https://www.facebook.com/ads/library/?id=855855213285681,"facebook, instagram, audience_network, messenger",en
1516178919102337,179450065439629,Chewy,"Get 35% off your 1st Autoship order of Purina Pro Plan—the fuel of National Dog Show champions, 13 years running",,,,,,"['Get 35% off your 1st Autoship order of Purina Pro Plan—the fuel of National Dog Show champions, 13 years running', 'Get 35% off your 1st Autoship order of Purina Pro Plan—the fuel of National Dog Show champions, 13 years running', 'Get 35% off your 1st Autoship order of Purina Pro Plan—the fuel of National Dog Show champions, 13 years running', 'Get 35% off your 1st Autoship order of Purina Pro Plan—the fuel of National Dog Show champions, 13 years running', 'Get 35% off your 1st Autoship order of Purina Pro Plan—the fuel of National Dog Show champions, 13 years running', 'Get 35% off your 1st Autoship order of Purina Pro Plan—the fuel of National Dog Show champions, 13 years running']",,,,,,,,,,Chewy,,,0,0,0,0,https://www.facebook.com/ads/library/?id=1516178919102337,"facebook, instagram, audience_network, messenger",en
1778453502896597,179450065439629,Chewy,Nutritious & delicious for your pup's everyday health and wellbeing. Wellness CORE+ high protein kibble is proven to support peak vitality.,,,,,,"[""Nutritious & delicious for your pup's everyday health and wellbeing. Wellness CORE+ high protein kibble is proven to support peak vitality.""]",,,,,,,,,,Wellness® CORE+ Dry Dog Food,,,0,0,0,0,https://www.facebook.com/ads/library/?id=1778453502896597,"facebook, instagram, audience_network, messenger",en
863971172167993,179450065439629,Chewy,"Got a picky eater in the family? Mix up your pup’s mealtime routine with a boost of freeze-dried raw meat, fruits, and veggies. The benefits of raw nutrition with flavors that dogs crave.",,,,,,"['Got a picky eater in the family? Mix up your pup’s mealtime routine with a boost of freeze-dried raw meat, fruits, and veggies. The benefits of raw nutrition with flavors that dogs crave.']",,,,,,,,,,Kickstart Your Kibble,,,0,0,0,0,https://www.facebook.com/ads/library/?id=863971172167993,"facebook, instagram, audience_network, messenger",en
1782431055894006,179450065439629,Chewy,"Got a picky eater in the family? Mix up your pup’s mealtime routine with a boost of freeze-dried raw meat, fruits, and veggies. The benefits of raw nutrition with flavors that dogs crave.",,,,,,"['Got a picky eater in the family? Mix up your pup’s mealtime routine with a boost of freeze-dried raw meat, fruits, and veggies. The benefits of raw nutrition with flavors that dogs crave.']",,,,,,,,,,Kickstart Your Kibble,,,0,0,0,0,https://www.facebook.com/ads/library/?id=1782431055894006,"facebook, instagram, audience_network, messenger",en
1591522364782869,179450065439629,Chewy,Don't wait 'til it's too late. Stock up now and save 35% on your first Autoship order of pet faves.,,,,,,"[""Don't wait 'til it's too late. Stock up now and save 35% on your first Autoship order of pet faves."", ""Don't wait 'til it's too late. Stock up now and save 35% on your first Autoship order of pet faves."", ""Don't wait 'til it's too late. Stock up now and save 35% on your first Autoship order of pet faves."", ""Don't wait 'til it's too late. Stock up now and save 35% on your first Autoship order of pet faves."", ""Don't wait 'til it's too late. Stock up now and save 35% on your first Autoship order of pet faves."", ""Don't wait 'til it's too late. Stock up now and save 35% on your first Autoship order of pet faves.""]",,,,,,,,,,"K&H Pet Products EZ Mount Double Stack Kitty Sill Cat Window Perch, Gray",,,0,0,0,0,https://www.facebook.com/ads/library/?id=1591522364782869,"facebook, instagram, audience_network, messenger",en
2609057116148750,179450065439629,Chewy,"Hurry! Your pet's favorite toys, treats & more are still here with fast, free shipping. Because pets love presents, too!",,,,,,"[""Hurry! Your pet's favorite toys, treats & more are still here with fast, free shipping. Because pets love presents, too!"", ""Hurry! Your pet's favorite toys, treats & more are still here with fast, free shipping. Because pets love presents, too!"", ""Hurry! Your pet's favorite toys, treats & more are still here with fast, free shipping. Because pets love presents, too!"", ""Hurry! Your pet's favorite toys, treats & more are still here with fast, free shipping. Because pets love presents, too!"", ""Hurry! Your pet's favorite toys, treats & more are still here with fast, free shipping. Because pets love presents, too!"", ""Hurry! Your pet's favorite toys, treats & more are still here with fast, free shipping. Because pets love presents, too!""]",,,,,,,,,,"Pet Center Lamb Crunchys Dog Treats, 16-oz bag",,,0,0,0,0,https://www.facebook.com/ads/library/?id=2609057116148750,"facebook, instagram, audience_network, messenger",en
556367590208501,179450065439629,Chewy,Keep your pets calm this holiday season and shop Chewy for a wide assortment of calming aids.,,,,,,"['Keep your pets calm this holiday season and shop Chewy for a wide assortment of calming aids.', 'Keep your pets calm this holiday season and shop Chewy for a wide assortment of calming aids.', 'Keep your pets calm this holiday season and shop Chewy for a wide assortment of calming aids.']",,,,,,,,,,"When they're less stressed, so are you.",,,0,0,0,0,https://www.facebook.com/ads/library/?id=556367590208501,"facebook, instagram, audience_network",en
1208964510406763,179450065439629,Chewy,"Automatically get 50% OFF your 1st Autoship when you purchase GREENIES™ Supplements and help support your dog's flexibility and mobility, skin and coat health, calmness and relaxation or digestive health. Exclusions apply.",,,,,,"[""Automatically get 50% OFF your 1st Autoship when you purchase GREENIES™ Supplements and help support your dog's flexibility and mobility, skin and coat health, calmness and relaxation or digestive health. Exclusions apply.""]",,,,,,,,,,WELL-BEING MADE WONDERFUL,,,0,0,0,0,https://www.facebook.com/ads/library/?id=1208964510406763,"facebook, instagram, audience_network, messenger",en
450025047571160,179450065439629,Chewy,Keep your pets calm this holiday season and shop Chewy for a wide assortment of calming aids.,,,,,,"['Keep your pets calm this holiday season and shop Chewy for a wide assortment of calming aids.', 'Keep your pets calm this holiday season and shop Chewy for a wide assortment of calming aids.', 'Keep your pets calm this holiday season and shop Chewy for a wide assortment of calming aids.']",,,,,,,,,,"When they're less stressed, so are you.",,,0,0,0,0,https://www.facebook.com/ads/library/?id=450025047571160,"facebook, instagram, audience_network",en
556286520422023,179450065439629,Chewy,Don't let your pet get anxious. Find pet-calming products at Chewy Pharmacy.,,,,,,"[""Don't let your pet get anxious. Find pet-calming products at Chewy Pharmacy."", ""Don't let your pet get anxious. Find pet-calming products at Chewy Pharmacy."", ""Don't let your pet get anxious. Find pet-calming products at Chewy Pharmacy.""]",,,,,,,,,,Keep your pet calm this Holiday season.,,,0,0,0,0,https://www.facebook.com/ads/library/?id=556286520422023,"facebook, instagram, audience_network",en
1104558211125302,179450065439629,Chewy,Chewy Pharmacy makes it easy to order pet prescriptions by contacting your vet for approval and delivering to your door.,,,,,,"['Chewy Pharmacy makes it easy to order pet prescriptions by contacting your vet for approval and delivering to your door.', 'Chewy Pharmacy makes it easy to order pet prescriptions by contacting your vet for approval and delivering to your door.', 'Chewy Pharmacy makes it easy to order pet prescriptions by contacting your vet for approval and delivering to your door.']",,,,,,,,,,Save 20% on your first Rx order,,,0,0,0,0,https://www.facebook.com/ads/library/?id=1104558211125302,"facebook, instagram, audience_network, messenger",en
1250106282906956,179450065439629,Chewy,Use code LYSSIE10 for 10% off all Frisco products and you too can be the center of your cat’s attention!,,,,,,['Use code LYSSIE10 for 10% off all Frisco products and you too can be the center of your cat’s attention!'],,,,,,,,,,Shop Juni’s favorite Chewy products!,,,0,0,0,0,https://www.facebook.com/ads/library/?id=1250106282906956,"facebook, instagram, messenger",en
1072074741137881,179450065439629,Chewy,Shop these products and more with code OLIVER10 to save 10% on all Frisco products.,,,,,,['Shop these products and more with code OLIVER10 to save 10% on all Frisco products.'],,,,,,,,,,The only investment I can justify!,,,0,0,0,0,https://www.facebook.com/ads/library/?id=1072074741137881,"facebook, instagram, messenger",en
452895063874101,179450065439629,Chewy,"With fast, free delivery, Chewy makes it super easy to get what your pet needs, and loves. Including more time with you.",,,,,,"['With fast, free delivery, Chewy makes it super easy to get what your pet needs, and loves. Including more time with you.', 'With fast, free delivery, Chewy makes it super easy to get what your pet needs, and loves. Including more time with you.', 'With fast, free delivery, Chewy makes it super easy to get what your pet needs, and loves. Including more time with you.', 'With fast, free delivery, Chewy makes it super easy to get what your pet needs, and loves. Including more time with you.', 'With fast, free delivery, Chewy makes it super easy to get what your pet needs, and loves. Including more time with you.', 'With fast, free delivery, Chewy makes it super easy to get what your pet needs, and loves. Including more time with you.']",,,,,,,,,,"Pet Center Lamb Crunchys Dog Treats, 16-oz bag",,,0,0,0,0,https://www.facebook.com/ads/library/?id=452895063874101,"facebook, instagram, audience_network, messenger",en
1052157542826588,179450065439629,Chewy,"Hurry! Your pet's favorite toys, treats & more are still here with fast, free shipping. Because pets love presents, too!",,,,,,"[""Hurry! Your pet's favorite toys, treats & more are still here with fast, free shipping. Because pets love presents, too!"", ""Hurry! Your pet's favorite toys, treats & more are still here with fast, free shipping. Because pets love presents, too!"", ""Hurry! Your pet's favorite toys, treats & more are still here with fast, free shipping. Because pets love presents, too!"", ""Hurry! Your pet's favorite toys, treats & more are still here with fast, free shipping. Because pets love presents, too!"", ""Hurry! Your pet's favorite toys, treats & more are still here with fast, free shipping. Because pets love presents, too!"", ""Hurry! Your pet's favorite toys, treats & more are still here with fast, free shipping. Because pets love presents, too!""]",,,,,,,,,,"Pet Center Lamb Crunchys Dog Treats, 16-oz bag",,,0,0,0,0,https://www.facebook.com/ads/library/?id=1052157542826588,"facebook, instagram, audience_network, messenger",en
834022288597626,179450065439629,Chewy,"You can never have enough of their favorites. Find everything your pet needs and wants and get fast, free delivery!",,,,,,"['You can never have enough of their favorites. Find everything your pet needs and wants and get fast, free delivery!', 'You can never have enough of their favorites. Find everything your pet needs and wants and get fast, free delivery!', 'You can never have enough of their favorites. Find everything your pet needs and wants and get fast, free delivery!', 'You can never have enough of their favorites. Find everything your pet needs and wants and get fast, free delivery!', 'You can never have enough of their favorites. Find everything your pet needs and wants and get fast, free delivery!', 'You can never have enough of their favorites. Find everything your pet needs and wants and get fast, free delivery!']",,,,,,,,,,"Pet Center Lamb Crunchys Dog Treats, 16-oz bag",,,0,0,0,0,https://www.facebook.com/ads/library/?id=834022288597626,"facebook, instagram, audience_network, messenger",en
921340253235238,179450065439629,Chewy,"Hurry! Your pet's favorite toys, treats & more are still here with fast, free shipping. Because pets love presents, too!",,,,,,"[""Hurry! Your pet's favorite toys, treats & more are still here with fast, free shipping. Because pets love presents, too!"", ""Hurry! Your pet's favorite toys, treats & more are still here with fast, free shipping. Because pets love presents, too!"", ""Hurry! Your pet's favorite toys, treats & more are still here with fast, free shipping. Because pets love presents, too!"", ""Hurry! Your pet's favorite toys, treats & more are still here with fast, free shipping. Because pets love presents, too!"", ""Hurry! Your pet's favorite toys, treats & more are still here with fast, free shipping. Because pets love presents, too!"", ""Hurry! Your pet's favorite toys, treats & more are still here with fast, free shipping. Because pets love presents, too!""]",,,,,,,,,,"Pet Center Lamb Crunchys Dog Treats, 16-oz bag",,,0,0,0,0,https://www.facebook.com/ads/library/?id=921340253235238,"facebook, instagram, audience_network, messenger",en
1344301173209252,179450065439629,Chewy,Don't leave your pet's wishlist behind! Shop Chewy for pet essentials and give your fur baby the love they deserve.,,,,,,"[""Don't leave your pet's wishlist behind! Shop Chewy for pet essentials and give your fur baby the love they deserve."", ""Don't leave your pet's wishlist behind! Shop Chewy for pet essentials and give your fur baby the love they deserve."", ""Don't leave your pet's wishlist behind! Shop Chewy for pet essentials and give your fur baby the love they deserve."", ""Don't leave your pet's wishlist behind! Shop Chewy for pet essentials and give your fur baby the love they deserve."", ""Don't leave your pet's wishlist behind! Shop Chewy for pet essentials and give your fur baby the love they deserve."", ""Don't leave your pet's wishlist behind! Shop Chewy for pet essentials and give your fur baby the love they deserve.""]",,,,,,,,,,"K&H Pet Products EZ Mount Double Stack Kitty Sill Cat Window Perch, Gray",,,0,0,0,0,https://www.facebook.com/ads/library/?id=1344301173209252,"facebook, instagram, audience_network, messenger",en
1085316943270987,179450065439629,Chewy,Keep your horse healthy and never miss a dose.,,,,,,"['Keep your horse healthy and never miss a dose.', 'Keep your horse healthy and never miss a dose.', 'Keep your horse healthy and never miss a dose.', 'Keep your horse healthy and never miss a dose.', 'Keep your horse healthy and never miss a dose.', 'Keep your horse healthy and never miss a dose.']",,,,,,,,,,Chewy,,,0,0,0,0,https://www.facebook.com/ads/library/?id=1085316943270987,"facebook, instagram, audience_network, messenger",en
502645962513492,179450065439629,Chewy,"Feed them Pro Plan, the gold standard of performance nutrition, and get 35% off your first order with Autoship.",,,,,,"['Feed them Pro Plan, the gold standard of performance nutrition, and get 35% off your first order with Autoship.']",,,,,,,,,,Fuel Your Athletic Dog,,,0,0,0,0,https://www.facebook.com/ads/library/?id=502645962513492,"facebook, instagram",en
1018049596482899,179450065439629,Chewy,"GREENIES™ Dental Treats help clean teeth, maintain healthy gums and freshen your dog’s breath. Your dog will love sinking their teeth into our delightfully chewy, textured treats.",,,,,,"['GREENIES™ Dental Treats help clean teeth, maintain healthy gums and freshen your dog’s breath. Your dog will love sinking their teeth into our delightfully chewy, textured treats.']",,,,,,,,,,SHOP GREENIES™,,,0,0,0,0,https://www.facebook.com/ads/library/?id=1018049596482899,"facebook, instagram, audience_network, messenger",en
1948676252218240,179450065439629,Chewy,"Get 35% off first Autoship order from Chewy and save on repeat pet prescriptions, delivered to your door.",,,,,,"['Get 35% off first Autoship order from Chewy and save on repeat pet prescriptions, delivered to your door.']",,,,,,,,,,Easy Rx orders on repeat,,,0,0,0,0,https://www.facebook.com/ads/library/?id=1948676252218240,"facebook, instagram, audience_network, messenger",en
1470655126888349,179450065439629,Chewy,"Chewy makes it easy to keep your pet’s prescription filled. Right now, get 35% off your first Autoship order.",,,,,,"['Chewy makes it easy to keep your pet’s prescription filled. Right now, get 35% off your first Autoship order.']",,,,,,,,,,Pet Meds + Autoship. It's a no brainer.,,,0,0,0,0,https://www.facebook.com/ads/library/?id=1470655126888349,"facebook, instagram, audience_network, messenger",en
1119623212485575,179450065439629,Chewy,Relax! Chewy Pharmacy takes the hassle out of ordering pet meds by contacting your vet and delivering right to your door.,,,,,,['Relax! Chewy Pharmacy takes the hassle out of ordering pet meds by contacting your vet and delivering right to your door.'],,,,,,,,,,Save 20% on your first Rx order,,,0,0,0,0,https://www.facebook.com/ads/library/?id=1119623212485575,"facebook, instagram, audience_network, messenger",en
725268326384605,179450065439629,Chewy,Did you know you can get pet insurance from only $30 a month? CarePlus coverage gives you peace of mind at a great price.,,,,,,"['Did you know you can get pet insurance from only $30 a month? CarePlus coverage gives you peace of mind at a great price.', 'Did you know you can get pet insurance from only $30 a month? CarePlus coverage gives you peace of mind at a great price.', 'Did you know you can get pet insurance from only $30 a month? CarePlus coverage gives you peace of mind at a great price.', 'Did you know you can get pet insurance from only $30 a month? CarePlus coverage gives you peace of mind at a great price.']",,,,,,,,,,CarePlus Pet Insurance Plans From $30,,,0,0,0,0,https://www.facebook.com/ads/library/?id=725268326384605,"facebook, instagram, audience_network, messenger",en
383770364283932,179450065439629,Chewy,"Now you know: With CarePlus insurance, your invoice can be paid to the vet directly within minutes, so you pay nothing out-of-pocket.",,,,,,"['Now you know: With CarePlus insurance, your invoice can be paid to the vet directly within minutes, so you pay nothing out-of-pocket.', 'Now you know: routine dental cleanings support your pet’s good health, and CarePlus wellness can cover them.', 'Now you know: routine dental cleanings support your pet’s good health, and CarePlus wellness can cover them.', 'Now you know: routine dental cleanings support your pet’s good health, and CarePlus wellness can cover them.', 'Now you know: routine dental cleanings support your pet’s good health, and CarePlus wellness can cover them.', 'Now you know: routine dental cleanings support your pet’s good health, and CarePlus wellness can cover them.']",,,,,,,,,,Wellness options with Dental Cleanings,,,0,0,0,0,https://www.facebook.com/ads/library/?id=383770364283932,"facebook, instagram, audience_network, messenger",en
1351302325586360,179450065439629,Chewy,Chewy Pharmacy makes it easy to order pet prescriptions by contacting your vet for approval and delivering to your door.,,,,,,"['Chewy Pharmacy makes it easy to order pet prescriptions by contacting your vet for approval and delivering to your door.', 'Chewy Pharmacy makes it easy to order pet prescriptions by contacting your vet for approval and delivering to your door.', 'Chewy Pharmacy makes it easy to order pet prescriptions by contacting your vet for approval and delivering to your door.']",,,,,,,,,,Save 20% on your first Rx order,,,0,0,0,0,https://www.facebook.com/ads/library/?id=1351302325586360,"facebook, instagram, audience_network",en
936406241536425,179450065439629,Chewy,"Now you know: With CarePlus insurance, your invoice can be paid to the vet directly within minutes, so you pay nothing out-of-pocket.",,,,,,"['Now you know: With CarePlus insurance, your invoice can be paid to the vet directly within minutes, so you pay nothing out-of-pocket.', 'Now you know: routine dental cleanings support your pet’s good health, and CarePlus wellness can cover them.', 'Now you know: routine dental cleanings support your pet’s good health, and CarePlus wellness can cover them.', 'Now you know: routine dental cleanings support your pet’s good health, and CarePlus wellness can cover them.', 'Now you know: routine dental cleanings support your pet’s good health, and CarePlus wellness can cover them.', 'Now you know: routine dental cleanings support your pet’s good health, and CarePlus wellness can cover them.']",,,,,,,,,,Wellness options with Dental Cleanings,,,0,0,0,0,https://www.facebook.com/ads/library/?id=936406241536425,"facebook, instagram, audience_network, messenger",en
1545946826237431,179450065439629,Chewy,"Want coverage that helps with pet meds? Only CarePlus covers 100% ​of Rx, vet diet food and supplements purchased from Chewy.",,,,,,"['Want coverage that helps with pet meds? Only CarePlus covers 100% \u200bof Rx, vet diet food and supplements purchased from Chewy.', 'Want coverage that helps with pet meds? Only CarePlus covers 100% \u200bof Rx, vet diet food and supplements purchased from Chewy.']",,,,,,,,,,Coverage Starts at $20 a Month,,,0,0,0,0,https://www.facebook.com/ads/library/?id=1545946826237431,"facebook, instagram, audience_network, messenger",en
2691072471061272,179450065439629,Chewy,"Curious about CarePlus insurance? Our wellness plans cover routine care like shots & tests, keeping your pet healthy & happy.",,,,,,"['Curious about CarePlus insurance? Our wellness plans cover routine care like shots & tests, keeping your pet healthy & happy.', 'Curious about CarePlus insurance? Our wellness plans cover routine care like shots & tests, keeping your pet healthy & happy.']",,,,,,,,,,Coverage Starts at $20 a Month,,,0,0,0,0,https://www.facebook.com/ads/library/?id=2691072471061272,"facebook, instagram, audience_network, messenger",en
281259819426330,179450065439629,Chewy,,,,,,,,,,,,,,,,,KONG Classic Flyer Dog Toy,,,10000,14999,0,99,https://www.facebook.com/ads/library/?id=281259819426330,,en
296652811266405,179450065439629,Chewy.com,,,,,,,,,,,,,,,,,KONG Classic Flyer Dog Toy,,,2000,2999,0,99,https://www.facebook.com/ads/library/?id=296652811266405,,en
522332461634384,179450065439629,Chewy,,,,,,,,,,,,,,,,,KONG Classic Flyer Dog Toy,,,600000,699999,900,999,https://www.facebook.com/ads/library/?id=522332461634384,,en
573203586499839,179450065439629,Chewy.com,,,,,,,,,,,,,,,,,KONG Classic Flyer Dog Toy,,,7000,7999,0,99,https://www.facebook.com/ads/library/?id=573203586499839,,en
839673543052341,179450065439629,Chewy,,,,,,,,,,,,,,,,,KONG Classic Flyer Dog Toy,,,600000,699999,1000,1499,https://www.facebook.com/ads/library/?id=839673543052341,,en
2322348164514272,179450065439629,Chewy.com,,,,,,,,,,,,,,,,,KONG Classic Flyer Dog Toy,,,450000,499999,1000,1499,https://www.facebook.com/ads/library/?id=2322348164514272,,en
